match_group_id,rule,source_customer_id,match_key,confidence
1,email_exact,522,alex.anderson194@email.com,0.98
1,email_exact,523,alex.anderson194@email.com,0.98
2,email_exact,554,alex.anderson206@email.com,0.98
2,email_exact,555,alex.anderson206@email.com,0.98
2,email_exact,556,alex.anderson206@email.com,0.98
3,email_exact,718,alex.anderson262@email.com,0.98
3,email_exact,720,alex.anderson262@email.com,0.98
4,email_exact,137,alex.anderson50@gmail.com,0.98
4,email_exact,138,alex.anderson50@gmail.com,0.98
4,email_exact,139,alex.anderson50@gmail.com,0.98
5,email_exact,903,alex.brown330@email.com,0.98
5,email_exact,904,alex.brown330@email.com,0.98
5,email_exact,905,alex.brown330@email.com,0.98
6,email_exact,954,alex.brown347@email.com,0.98
6,email_exact,955,alex.brown347@email.com,0.98
7,email_exact,479,alex.christian177@email.com,0.98
7,email_exact,480,alex.christian177@email.com,0.98
7,email_exact,481,alex.christian177@email.com,0.98
8,email_exact,816,alex.christian296@email.com,0.98
8,email_exact,817,alex.christian296@email.com,0.98
8,email_exact,818,alex.christian296@email.com,0.98
9,email_exact,144,alex.christian53@email.com,0.98
9,email_exact,145,alex.christian53@email.com,0.98
9,email_exact,146,alex.christian53@email.com,0.98
10,email_exact,508,alex.johnson189@email.com,0.98
10,email_exact,509,alex.johnson189@email.com,0.98
11,email_exact,922,alex.johnson336@gmail.com,0.98
11,email_exact,923,alex.johnson336@gmail.com,0.98
12,email_exact,449,alex.miller165@email.com,0.98
12,email_exact,450,alex.miller165@email.com,0.98
12,email_exact,451,alex.miller165@email.com,0.98
13,email_exact,93,alex.miller34@email.com,0.98
13,email_exact,94,alex.miller34@email.com,0.98
14,email_exact,574,alex.moore212@email.com,0.98
14,email_exact,575,alex.moore212@email.com,0.98
15,email_exact,572,alex.moore212@gmail.com,0.98
15,email_exact,573,alex.moore212@gmail.com,0.98
16,email_exact,778,alex.moore284@email.com,0.98
16,email_exact,779,alex.moore284@email.com,0.98
16,email_exact,780,alex.moore284@email.com,0.98
16,email_exact,781,alex.moore284@email.com,0.98
17,email_exact,867,alex.taylor316@email.com,0.98
17,email_exact,868,alex.taylor316@email.com,0.98
18,email_exact,176,alex.taylor64@email.com,0.98
18,email_exact,177,alex.taylor64@email.com,0.98
19,email_exact,852,alex.wilson311@email.com,0.98
19,email_exact,853,alex.wilson311@email.com,0.98
19,email_exact,854,alex.wilson311@email.com,0.98
20,email_exact,41,avery.anderson14@email.com,0.98
20,email_exact,42,avery.anderson14@email.com,0.98
21,email_exact,824,avery.anderson300@email.com,0.98
21,email_exact,825,avery.anderson300@email.com,0.98
21,email_exact,826,avery.anderson300@email.com,0.98
21,email_exact,827,avery.anderson300@email.com,0.98
22,email_exact,716,avery.brown261@email.com,0.98
22,email_exact,717,avery.brown261@email.com,0.98
23,email_exact,714,avery.brown261@gmail.com,0.98
23,email_exact,715,avery.brown261@gmail.com,0.98
24,email_exact,802,avery.brown291@email.com,0.98
24,email_exact,803,avery.brown291@email.com,0.98
24,email_exact,804,avery.brown291@email.com,0.98
25,email_exact,539,avery.christian200@email.com,0.98
25,email_exact,540,avery.christian200@email.com,0.98
25,email_exact,541,avery.christian200@email.com,0.98
26,email_exact,814,avery.christian295@email.com,0.98
26,email_exact,815,avery.christian295@email.com,0.98
27,email_exact,353,avery.johnson128@email.com,0.98
27,email_exact,355,avery.johnson128@email.com,0.98
28,email_exact,886,avery.johnson324@email.com,0.98
28,email_exact,887,avery.johnson324@email.com,0.98
29,email_exact,281,avery.miller101@email.com,0.98
29,email_exact,282,avery.miller101@email.com,0.98
29,email_exact,283,avery.miller101@email.com,0.98
30,email_exact,386,avery.miller141@email.com,0.98
30,email_exact,387,avery.miller141@email.com,0.98
31,email_exact,738,avery.miller270@email.com,0.98
31,email_exact,740,avery.miller270@email.com,0.98
32,email_exact,770,avery.miller281@email.com,0.98
32,email_exact,771,avery.miller281@email.com,0.98
33,email_exact,330,avery.moore121@email.com,0.98
33,email_exact,331,avery.moore121@email.com,0.98
33,email_exact,332,avery.moore121@email.com,0.98
33,email_exact,333,avery.moore121@email.com,0.98
34,email_exact,408,avery.moore151@email.com,0.98
34,email_exact,409,avery.moore151@email.com,0.98
34,email_exact,410,avery.moore151@email.com,0.98
35,email_exact,657,avery.moore240@email.com,0.98
35,email_exact,659,avery.moore240@email.com,0.98
36,email_exact,318,avery.smith115@email.com,0.98
36,email_exact,319,avery.smith115@email.com,0.98
37,email_exact,600,avery.smith220@email.com,0.98
37,email_exact,602,avery.smith220@email.com,0.98
38,email_exact,259,avery.smith94@email.com,0.98
38,email_exact,260,avery.smith94@email.com,0.98
38,email_exact,261,avery.smith94@email.com,0.98
39,email_exact,487,avery.taylor180@email.com,0.98
39,email_exact,488,avery.taylor180@email.com,0.98
40,email_exact,80,avery.taylor29@email.com,0.98
40,email_exact,81,avery.taylor29@email.com,0.98
40,email_exact,82,avery.taylor29@email.com,0.98
41,email_exact,162,avery.taylor59@email.com,0.98
41,email_exact,164,avery.taylor59@email.com,0.98
42,email_exact,747,avery.wilson273@email.com,0.98
42,email_exact,748,avery.wilson273@email.com,0.98
42,email_exact,749,avery.wilson273@email.com,0.98
43,email_exact,118,cameron.anderson44@email.com,0.98
43,email_exact,120,cameron.anderson44@email.com,0.98
44,email_exact,292,cameron.brown106@email.com,0.98
44,email_exact,294,cameron.brown106@email.com,0.98
45,email_exact,53,cameron.brown18@email.com,0.98
45,email_exact,54,cameron.brown18@email.com,0.98
46,email_exact,843,cameron.brown307@email.com,0.98
46,email_exact,844,cameron.brown307@email.com,0.98
47,email_exact,518,cameron.christian193@email.com,0.98
47,email_exact,519,cameron.christian193@email.com,0.98
47,email_exact,520,cameron.christian193@email.com,0.98
48,email_exact,611,cameron.christian224@email.com,0.98
48,email_exact,612,cameron.christian224@email.com,0.98
49,email_exact,648,cameron.christian237@email.com,0.98
49,email_exact,649,cameron.christian237@email.com,0.98
49,email_exact,650,cameron.christian237@email.com,0.98
50,email_exact,300,cameron.davis109@email.com,0.98
50,email_exact,301,cameron.davis109@email.com,0.98
50,email_exact,302,cameron.davis109@email.com,0.98
50,email_exact,303,cameron.davis109@email.com,0.98
51,email_exact,536,cameron.johnson199@gmail.com,0.98
51,email_exact,538,cameron.johnson199@gmail.com,0.98
52,email_exact,753,cameron.johnson275@email.com,0.98
52,email_exact,754,cameron.johnson275@email.com,0.98
52,email_exact,755,cameron.johnson275@email.com,0.98
53,email_exact,820,cameron.johnson298@email.com,0.98
53,email_exact,821,cameron.johnson298@email.com,0.98
54,email_exact,849,cameron.johnson310@email.com,0.98
54,email_exact,850,cameron.johnson310@email.com,0.98
55,email_exact,858,cameron.johnson313@email.com,0.98
55,email_exact,859,cameron.johnson313@email.com,0.98
56,email_exact,890,cameron.johnson326@email.com,0.98
56,email_exact,892,cameron.johnson326@email.com,0.98
57,email_exact,569,cameron.miller211@email.com,0.98
57,email_exact,570,cameron.miller211@email.com,0.98
57,email_exact,571,cameron.miller211@email.com,0.98
58,email_exact,693,cameron.miller253@email.com,0.98
58,email_exact,694,cameron.miller253@email.com,0.98
58,email_exact,695,cameron.miller253@email.com,0.98
59,email_exact,726,cameron.miller265@email.com,0.98
59,email_exact,727,cameron.miller265@email.com,0.98
59,email_exact,728,cameron.miller265@email.com,0.98
60,email_exact,511,cameron.moore190@email.com,0.98
60,email_exact,512,cameron.moore190@email.com,0.98
61,email_exact,379,cameron.smith138@email.com,0.98
61,email_exact,380,cameron.smith138@email.com,0.98
62,email_exact,638,cameron.smith234@email.com,0.98
62,email_exact,639,cameron.smith234@email.com,0.98
62,email_exact,640,cameron.smith234@email.com,0.98
63,email_exact,127,cameron.smith47@email.com,0.98
63,email_exact,128,cameron.smith47@email.com,0.98
64,email_exact,459,cameron.taylor169@email.com,0.98
64,email_exact,460,cameron.taylor169@email.com,0.98
65,email_exact,756,cameron.taylor276@email.com,0.98
65,email_exact,757,cameron.taylor276@email.com,0.98
65,email_exact,758,cameron.taylor276@email.com,0.98
66,email_exact,165,cameron.taylor60@gmail.com,0.98
66,email_exact,167,cameron.taylor60@gmail.com,0.98
67,email_exact,494,cameron.wilson183@email.com,0.98
67,email_exact,495,cameron.wilson183@email.com,0.98
68,email_exact,641,cameron.wilson235@gmail.com,0.98
68,email_exact,642,cameron.wilson235@gmail.com,0.98
69,email_exact,651,cameron.wilson238@email.com,0.98
69,email_exact,652,cameron.wilson238@email.com,0.98
70,email_exact,962,cameron.wilson350@email.com,0.98
70,email_exact,963,cameron.wilson350@email.com,0.98
71,email_exact,60,casey.brown21@email.com,0.98
71,email_exact,61,casey.brown21@email.com,0.98
72,email_exact,272,casey.brown98@email.com,0.98
72,email_exact,273,casey.brown98@email.com,0.98
72,email_exact,274,casey.brown98@email.com,0.98
72,email_exact,275,casey.brown98@email.com,0.98
73,email_exact,593,casey.davis218@email.com,0.98
73,email_exact,594,casey.davis218@email.com,0.98
73,email_exact,595,casey.davis218@email.com,0.98
73,email_exact,596,casey.davis218@email.com,0.98
74,email_exact,787,casey.davis286@email.com,0.98
74,email_exact,788,casey.davis286@email.com,0.98
74,email_exact,789,casey.davis286@email.com,0.98
75,email_exact,914,casey.davis334@email.com,0.98
75,email_exact,915,casey.davis334@email.com,0.98
75,email_exact,916,casey.davis334@email.com,0.98
76,email_exact,723,casey.johnson264@email.com,0.98
76,email_exact,724,casey.johnson264@email.com,0.98
76,email_exact,725,casey.johnson264@email.com,0.98
77,email_exact,893,casey.johnson327@email.com,0.98
77,email_exact,894,casey.johnson327@email.com,0.98
77,email_exact,895,casey.johnson327@email.com,0.98
78,email_exact,945,casey.johnson344@email.com,0.98
78,email_exact,946,casey.johnson344@email.com,0.98
79,email_exact,838,casey.miller305@email.com,0.98
79,email_exact,839,casey.miller305@email.com,0.98
80,email_exact,438,casey.moore161@email.com,0.98
80,email_exact,439,casey.moore161@email.com,0.98
81,email_exact,633,casey.moore232@email.com,0.98
81,email_exact,634,casey.moore232@email.com,0.98
82,email_exact,951,casey.moore346@gmail.com,0.98
82,email_exact,953,casey.moore346@gmail.com,0.98
83,email_exact,178,casey.smith65@email.com,0.98
83,email_exact,179,casey.smith65@email.com,0.98
83,email_exact,180,casey.smith65@email.com,0.98
83,email_exact,181,casey.smith65@email.com,0.98
83,email_exact,182,casey.smith65@email.com,0.98
84,email_exact,187,casey.taylor67@email.com,0.98
84,email_exact,188,casey.taylor67@email.com,0.98
84,email_exact,189,casey.taylor67@email.com,0.98
85,email_exact,238,casey.taylor86@gmail.com,0.98
85,email_exact,239,casey.taylor86@gmail.com,0.98
85,email_exact,240,casey.taylor86@gmail.com,0.98
85,email_exact,241,casey.taylor86@gmail.com,0.98
86,email_exact,297,chris.anderson108@email.com,0.98
86,email_exact,298,chris.anderson108@email.com,0.98
87,email_exact,389,chris.anderson142@email.com,0.98
87,email_exact,390,chris.anderson142@email.com,0.98
88,email_exact,77,chris.anderson28@email.com,0.98
88,email_exact,78,chris.anderson28@email.com,0.98
88,email_exact,79,chris.anderson28@email.com,0.98
89,email_exact,465,chris.christian172@gmail.com,0.98
89,email_exact,466,chris.christian172@gmail.com,0.98
90,email_exact,491,chris.davis181@gmail.com,0.98
90,email_exact,492,chris.davis181@gmail.com,0.98
91,email_exact,514,chris.davis191@email.com,0.98
91,email_exact,515,chris.davis191@email.com,0.98
92,email_exact,576,chris.davis213@email.com,0.98
92,email_exact,577,chris.davis213@email.com,0.98
92,email_exact,578,chris.davis213@email.com,0.98
92,email_exact,579,chris.davis213@email.com,0.98
93,email_exact,790,chris.davis287@email.com,0.98
93,email_exact,791,chris.davis287@email.com,0.98
93,email_exact,792,chris.davis287@email.com,0.98
94,email_exact,411,chris.johnson152@gmail.com,0.98
94,email_exact,412,chris.johnson152@gmail.com,0.98
95,email_exact,195,chris.johnson69@gmail.com,0.98
95,email_exact,196,chris.johnson69@gmail.com,0.98
96,email_exact,619,chris.miller227@email.com,0.98
96,email_exact,620,chris.miller227@email.com,0.98
97,email_exact,878,chris.miller320@gmail.com,0.98
97,email_exact,879,chris.miller320@gmail.com,0.98
98,email_exact,198,chris.miller70@gmail.com,0.98
98,email_exact,199,chris.miller70@gmail.com,0.98
99,email_exact,484,chris.moore179@email.com,0.98
99,email_exact,485,chris.moore179@email.com,0.98
99,email_exact,486,chris.moore179@email.com,0.98
100,email_exact,697,chris.moore254@email.com,0.98
100,email_exact,698,chris.moore254@email.com,0.98
101,email_exact,446,chris.smith164@email.com,0.98
101,email_exact,447,chris.smith164@email.com,0.98
101,email_exact,448,chris.smith164@email.com,0.98
102,email_exact,614,chris.smith225@email.com,0.98
102,email_exact,616,chris.smith225@email.com,0.98
103,email_exact,763,chris.smith278@email.com,0.98
103,email_exact,765,chris.smith278@email.com,0.98
104,email_exact,427,chris.taylor157@email.com,0.98
104,email_exact,429,chris.taylor157@email.com,0.98
105,email_exact,4,chris.taylor2@email.com,0.98
105,email_exact,5,chris.taylor2@email.com,0.98
105,email_exact,6,chris.taylor2@email.com,0.98
106,email_exact,87,chris.taylor31@email.com,0.98
106,email_exact,88,chris.taylor31@email.com,0.98
107,email_exact,335,devin.anderson122@email.com,0.98
107,email_exact,336,devin.anderson122@email.com,0.98
108,email_exact,482,devin.anderson178@email.com,0.98
108,email_exact,483,devin.anderson178@email.com,0.98
109,email_exact,268,devin.anderson97@email.com,0.98
109,email_exact,269,devin.anderson97@email.com,0.98
109,email_exact,270,devin.anderson97@email.com,0.98
110,email_exact,516,devin.brown192@email.com,0.98
110,email_exact,517,devin.brown192@email.com,0.98
111,email_exact,566,devin.brown210@email.com,0.98
111,email_exact,567,devin.brown210@email.com,0.98
111,email_exact,568,devin.brown210@email.com,0.98
112,email_exact,43,devin.christian15@email.com,0.98
112,email_exact,44,devin.christian15@email.com,0.98
113,email_exact,62,devin.christian22@email.com,0.98
113,email_exact,63,devin.christian22@email.com,0.98
113,email_exact,64,devin.christian22@email.com,0.98
113,email_exact,65,devin.christian22@email.com,0.98
114,email_exact,191,devin.christian68@email.com,0.98
114,email_exact,192,devin.christian68@email.com,0.98
114,email_exact,194,devin.christian68@email.com,0.98
115,email_exact,688,devin.davis251@email.com,0.98
115,email_exact,689,devin.davis251@email.com,0.98
116,email_exact,116,devin.davis43@email.com,0.98
116,email_exact,117,devin.davis43@email.com,0.98
117,email_exact,227,devin.davis82@email.com,0.98
117,email_exact,228,devin.davis82@email.com,0.98
117,email_exact,229,devin.davis82@email.com,0.98
118,email_exact,414,devin.miller153@gmail.com,0.98
118,email_exact,415,devin.miller153@gmail.com,0.98
119,email_exact,557,devin.miller207@email.com,0.98
119,email_exact,558,devin.miller207@email.com,0.98
119,email_exact,559,devin.miller207@email.com,0.98
120,email_exact,95,devin.miller35@gmail.com,0.98
120,email_exact,96,devin.miller35@gmail.com,0.98
121,email_exact,341,devin.smith124@email.com,0.98
121,email_exact,342,devin.smith124@email.com,0.98
121,email_exact,343,devin.smith124@email.com,0.98
122,email_exact,358,devin.smith129@email.com,0.98
122,email_exact,359,devin.smith129@email.com,0.98
123,email_exact,356,devin.smith129@gmail.com,0.98
123,email_exact,357,devin.smith129@gmail.com,0.98
124,email_exact,39,devin.smith13@email.com,0.98
124,email_exact,40,devin.smith13@email.com,0.98
125,email_exact,496,devin.smith184@email.com,0.98
125,email_exact,497,devin.smith184@email.com,0.98
126,email_exact,907,devin.smith331@email.com,0.98
126,email_exact,908,devin.smith331@email.com,0.98
127,email_exact,310,devin.taylor112@gmail.com,0.98
127,email_exact,311,devin.taylor112@gmail.com,0.98
128,email_exact,653,devin.taylor239@email.com,0.98
128,email_exact,654,devin.taylor239@email.com,0.98
128,email_exact,655,devin.taylor239@email.com,0.98
128,email_exact,656,devin.taylor239@email.com,0.98
129,email_exact,690,devin.taylor252@email.com,0.98
129,email_exact,692,devin.taylor252@email.com,0.98
130,email_exact,584,devin.wilson215@email.com,0.98
130,email_exact,586,devin.wilson215@email.com,0.98
131,email_exact,846,drew.anderson309@email.com,0.98
131,email_exact,847,drew.anderson309@email.com,0.98
131,email_exact,848,drew.anderson309@email.com,0.98
132,email_exact,285,drew.brown102@email.com,0.98
132,email_exact,286,drew.brown102@email.com,0.98
133,email_exact,49,drew.brown17@email.com,0.98
133,email_exact,50,drew.brown17@email.com,0.98
133,email_exact,51,drew.brown17@email.com,0.98
133,email_exact,52,drew.brown17@email.com,0.98
134,email_exact,170,drew.brown62@email.com,0.98
134,email_exact,171,drew.brown62@email.com,0.98
134,email_exact,172,drew.brown62@email.com,0.98
135,email_exact,324,drew.christian117@email.com,0.98
135,email_exact,325,drew.christian117@email.com,0.98
136,email_exact,684,drew.christian250@email.com,0.98
136,email_exact,685,drew.christian250@email.com,0.98
136,email_exact,686,drew.christian250@email.com,0.98
137,email_exact,735,drew.christian269@email.com,0.98
137,email_exact,736,drew.christian269@email.com,0.98
138,email_exact,225,drew.christian81@email.com,0.98
138,email_exact,226,drew.christian81@email.com,0.98
139,email_exact,454,drew.davis167@gmail.com,0.98
139,email_exact,455,drew.davis167@gmail.com,0.98
139,email_exact,456,drew.davis167@gmail.com,0.98
140,email_exact,46,drew.davis16@email.com,0.98
140,email_exact,47,drew.davis16@email.com,0.98
140,email_exact,48,drew.davis16@email.com,0.98
141,email_exact,545,drew.davis202@email.com,0.98
141,email_exact,546,drew.davis202@email.com,0.98
141,email_exact,547,drew.davis202@email.com,0.98
141,email_exact,548,drew.davis202@email.com,0.98
142,email_exact,420,drew.johnson155@email.com,0.98
142,email_exact,422,drew.johnson155@email.com,0.98
142,email_exact,423,drew.johnson155@email.com,0.98
143,email_exact,709,drew.johnson259@email.com,0.98
143,email_exact,710,drew.johnson259@email.com,0.98
143,email_exact,711,drew.johnson259@email.com,0.98
144,email_exact,235,drew.johnson85@gmail.com,0.98
144,email_exact,236,drew.johnson85@gmail.com,0.98
145,email_exact,471,drew.miller174@email.com,0.98
145,email_exact,472,drew.miller174@email.com,0.98
146,email_exact,232,drew.miller84@email.com,0.98
146,email_exact,233,drew.miller84@email.com,0.98
146,email_exact,234,drew.miller84@email.com,0.98
147,email_exact,247,drew.miller89@email.com,0.98
147,email_exact,248,drew.miller89@email.com,0.98
147,email_exact,249,drew.miller89@email.com,0.98
148,email_exact,361,drew.moore131@email.com,0.98
148,email_exact,362,drew.moore131@email.com,0.98
149,email_exact,502,drew.moore187@email.com,0.98
149,email_exact,503,drew.moore187@email.com,0.98
149,email_exact,504,drew.moore187@email.com,0.98
149,email_exact,505,drew.moore187@email.com,0.98
150,email_exact,70,drew.moore25@email.com,0.98
150,email_exact,71,drew.moore25@email.com,0.98
151,email_exact,320,drew.smith116@email.com,0.98
151,email_exact,321,drew.smith116@email.com,0.98
152,email_exact,563,drew.smith209@email.com,0.98
152,email_exact,564,drew.smith209@email.com,0.98
152,email_exact,565,drew.smith209@email.com,0.98
153,email_exact,699,drew.smith255@gmail.com,0.98
153,email_exact,701,drew.smith255@gmail.com,0.98
154,email_exact,741,drew.smith271@gmail.com,0.98
154,email_exact,743,drew.smith271@gmail.com,0.98
155,email_exact,744,drew.smith272@email.com,0.98
155,email_exact,745,drew.smith272@email.com,0.98
155,email_exact,746,drew.smith272@email.com,0.98
156,email_exact,623,drew.taylor229@email.com,0.98
156,email_exact,624,drew.taylor229@email.com,0.98
156,email_exact,625,drew.taylor229@email.com,0.98
156,email_exact,626,drew.taylor229@email.com,0.98
157,email_exact,935,drew.wilson340@email.com,0.98
157,email_exact,936,drew.wilson340@email.com,0.98
158,email_exact,290,jamie.anderson105@email.com,0.98
158,email_exact,291,jamie.anderson105@email.com,0.98
159,email_exact,607,jamie.anderson223@email.com,0.98
159,email_exact,608,jamie.anderson223@email.com,0.98
159,email_exact,609,jamie.anderson223@email.com,0.98
159,email_exact,610,jamie.anderson223@email.com,0.98
160,email_exact,869,jamie.anderson317@email.com,0.98
160,email_exact,870,jamie.anderson317@email.com,0.98
161,email_exact,924,jamie.anderson337@email.com,0.98
161,email_exact,925,jamie.anderson337@email.com,0.98
161,email_exact,926,jamie.anderson337@email.com,0.98
161,email_exact,927,jamie.anderson337@email.com,0.98
162,email_exact,627,jamie.brown230@email.com,0.98
162,email_exact,629,jamie.brown230@email.com,0.98
163,email_exact,729,jamie.brown266@email.com,0.98
163,email_exact,730,jamie.brown266@email.com,0.98
164,email_exact,142,jamie.davis52@email.com,0.98
164,email_exact,143,jamie.davis52@email.com,0.98
165,email_exact,173,jamie.davis63@email.com,0.98
165,email_exact,174,jamie.davis63@email.com,0.98
165,email_exact,175,jamie.davis63@email.com,0.98
166,email_exact,418,jamie.johnson154@email.com,0.98
166,email_exact,419,jamie.johnson154@email.com,0.98
167,email_exact,660,jamie.miller241@email.com,0.98
167,email_exact,661,jamie.miller241@email.com,0.98
168,email_exact,244,jamie.miller88@gmail.com,0.98
168,email_exact,246,jamie.miller88@gmail.com,0.98
169,email_exact,1,jamie.moore1@email.com,0.98
169,email_exact,2,jamie.moore1@email.com,0.98
169,email_exact,3,jamie.moore1@email.com,0.98
170,email_exact,130,jamie.moore48@gmail.com,0.98
170,email_exact,132,jamie.moore48@gmail.com,0.98
171,email_exact,276,jamie.moore99@email.com,0.98
171,email_exact,278,jamie.moore99@email.com,0.98
172,email_exact,338,jamie.smith123@email.com,0.98
172,email_exact,339,jamie.smith123@email.com,0.98
172,email_exact,340,jamie.smith123@email.com,0.98
173,email_exact,681,jamie.smith249@email.com,0.98
173,email_exact,682,jamie.smith249@email.com,0.98
173,email_exact,683,jamie.smith249@email.com,0.98
174,email_exact,880,jamie.smith321@email.com,0.98
174,email_exact,881,jamie.smith321@email.com,0.98
174,email_exact,882,jamie.smith321@email.com,0.98
175,email_exact,279,jamie.wilson100@email.com,0.98
175,email_exact,280,jamie.wilson100@email.com,0.98
176,email_exact,376,jamie.wilson137@email.com,0.98
176,email_exact,377,jamie.wilson137@email.com,0.98
177,email_exact,931,jamie.wilson339@gmail.com,0.98
177,email_exact,933,jamie.wilson339@gmail.com,0.98
178,email_exact,11,jamie.wilson4@email.com,0.98
178,email_exact,12,jamie.wilson4@email.com,0.98
178,email_exact,13,jamie.wilson4@email.com,0.98
178,email_exact,14,jamie.wilson4@email.com,0.98
179,email_exact,664,jordan.anderson243@email.com,0.98
179,email_exact,665,jordan.anderson243@email.com,0.98
180,email_exact,75,jordan.anderson27@email.com,0.98
180,email_exact,76,jordan.anderson27@email.com,0.98
181,email_exact,947,jordan.brown345@email.com,0.98
181,email_exact,949,jordan.brown345@email.com,0.98
181,email_exact,950,jordan.brown345@email.com,0.98
182,email_exact,147,jordan.brown54@email.com,0.98
182,email_exact,148,jordan.brown54@email.com,0.98
182,email_exact,149,jordan.brown54@email.com,0.98
182,email_exact,150,jordan.brown54@email.com,0.98
183,email_exact,430,jordan.christian158@email.com,0.98
183,email_exact,431,jordan.christian158@email.com,0.98
183,email_exact,432,jordan.christian158@email.com,0.98
184,email_exact,672,jordan.christian246@email.com,0.98
184,email_exact,673,jordan.christian246@email.com,0.98
185,email_exact,474,jordan.davis175@email.com,0.98
185,email_exact,475,jordan.davis175@email.com,0.98
186,email_exact,108,jordan.davis40@email.com,0.98
186,email_exact,109,jordan.davis40@email.com,0.98
187,email_exact,111,jordan.johnson41@email.com,0.98
187,email_exact,112,jordan.johnson41@email.com,0.98
188,email_exact,133,jordan.johnson49@email.com,0.98
188,email_exact,134,jordan.johnson49@email.com,0.98
188,email_exact,135,jordan.johnson49@email.com,0.98
189,email_exact,29,jordan.johnson9@email.com,0.98
189,email_exact,30,jordan.johnson9@email.com,0.98
189,email_exact,31,jordan.johnson9@email.com,0.98
190,email_exact,452,jordan.miller166@email.com,0.98
190,email_exact,453,jordan.miller166@email.com,0.98
191,email_exact,68,jordan.miller24@email.com,0.98
191,email_exact,69,jordan.miller24@email.com,0.98
192,email_exact,597,jordan.moore219@email.com,0.98
192,email_exact,598,jordan.moore219@email.com,0.98
192,email_exact,599,jordan.moore219@email.com,0.98
193,email_exact,760,jordan.moore277@gmail.com,0.98
193,email_exact,761,jordan.moore277@gmail.com,0.98
193,email_exact,762,jordan.moore277@gmail.com,0.98
194,email_exact,605,jordan.taylor222@email.com,0.98
194,email_exact,606,jordan.taylor222@email.com,0.98
195,email_exact,896,jordan.taylor328@email.com,0.98
195,email_exact,897,jordan.taylor328@email.com,0.98
195,email_exact,898,jordan.taylor328@email.com,0.98
195,email_exact,899,jordan.taylor328@email.com,0.98
196,email_exact,101,jordan.taylor37@email.com,0.98
196,email_exact,102,jordan.taylor37@email.com,0.98
196,email_exact,103,jordan.taylor37@email.com,0.98
197,email_exact,7,jordan.taylor3@email.com,0.98
197,email_exact,9,jordan.taylor3@email.com,0.98
197,email_exact,10,jordan.taylor3@email.com,0.98
198,email_exact,287,morgan.anderson104@gmail.com,0.98
198,email_exact,288,morgan.anderson104@gmail.com,0.98
198,email_exact,289,morgan.anderson104@gmail.com,0.98
199,email_exact,621,morgan.anderson228@gmail.com,0.98
199,email_exact,622,morgan.anderson228@gmail.com,0.98
200,email_exact,928,morgan.anderson338@email.com,0.98
200,email_exact,929,morgan.anderson338@email.com,0.98
200,email_exact,930,morgan.anderson338@email.com,0.98
201,email_exact,140,morgan.anderson51@email.com,0.98
201,email_exact,141,morgan.anderson51@email.com,0.98
202,email_exact,506,morgan.brown188@email.com,0.98
202,email_exact,507,morgan.brown188@email.com,0.98
203,email_exact,215,morgan.brown78@email.com,0.98
203,email_exact,216,morgan.brown78@email.com,0.98
203,email_exact,217,morgan.brown78@email.com,0.98
204,email_exact,617,morgan.christian226@email.com,0.98
204,email_exact,618,morgan.christian226@email.com,0.98
205,email_exact,212,morgan.christian77@email.com,0.98
205,email_exact,213,morgan.christian77@email.com,0.98
205,email_exact,214,morgan.christian77@email.com,0.98
206,email_exact,328,morgan.davis120@email.com,0.98
206,email_exact,329,morgan.davis120@email.com,0.98
207,email_exact,435,morgan.davis160@email.com,0.98
207,email_exact,437,morgan.davis160@email.com,0.98
208,email_exact,939,morgan.davis342@email.com,0.98
208,email_exact,940,morgan.davis342@email.com,0.98
208,email_exact,941,morgan.davis342@email.com,0.98
209,email_exact,345,morgan.johnson125@email.com,0.98
209,email_exact,346,morgan.johnson125@email.com,0.98
210,email_exact,667,morgan.johnson244@email.com,0.98
210,email_exact,668,morgan.johnson244@email.com,0.98
210,email_exact,669,morgan.johnson244@email.com,0.98
211,email_exact,834,morgan.johnson304@email.com,0.98
211,email_exact,835,morgan.johnson304@email.com,0.98
211,email_exact,836,morgan.johnson304@email.com,0.98
211,email_exact,837,morgan.johnson304@email.com,0.98
212,email_exact,888,morgan.johnson325@email.com,0.98
212,email_exact,889,morgan.johnson325@email.com,0.98
213,email_exact,910,morgan.johnson332@email.com,0.98
213,email_exact,911,morgan.johnson332@email.com,0.98
214,email_exact,208,morgan.johnson75@email.com,0.98
214,email_exact,209,morgan.johnson75@email.com,0.98
215,email_exact,394,morgan.miller144@email.com,0.98
215,email_exact,396,morgan.miller144@email.com,0.98
216,email_exact,675,morgan.miller247@email.com,0.98
216,email_exact,676,morgan.miller247@email.com,0.98
216,email_exact,677,morgan.miller247@email.com,0.98
217,email_exact,883,morgan.moore322@email.com,0.98
217,email_exact,884,morgan.moore322@email.com,0.98
218,email_exact,157,morgan.moore57@email.com,0.98
218,email_exact,158,morgan.moore57@email.com,0.98
218,email_exact,159,morgan.moore57@email.com,0.98
219,email_exact,751,morgan.smith274@email.com,0.98
219,email_exact,752,morgan.smith274@email.com,0.98
220,email_exact,265,morgan.smith96@email.com,0.98
220,email_exact,266,morgan.smith96@email.com,0.98
220,email_exact,267,morgan.smith96@email.com,0.98
221,email_exact,871,morgan.wilson318@email.com,0.98
221,email_exact,872,morgan.wilson318@email.com,0.98
222,email_exact,242,morgan.wilson87@email.com,0.98
222,email_exact,243,morgan.wilson87@email.com,0.98
223,email_exact,530,pat.anderson197@email.com,0.98
223,email_exact,531,pat.anderson197@email.com,0.98
224,email_exact,528,pat.anderson197@gmail.com,0.98
224,email_exact,529,pat.anderson197@gmail.com,0.98
224,email_exact,532,pat.anderson197@gmail.com,0.98
225,email_exact,560,pat.brown208@email.com,0.98
225,email_exact,561,pat.brown208@email.com,0.98
226,email_exact,957,pat.brown348@email.com,0.98
226,email_exact,958,pat.brown348@email.com,0.98
226,email_exact,959,pat.brown348@email.com,0.98
227,email_exact,210,pat.brown76@email.com,0.98
227,email_exact,211,pat.brown76@email.com,0.98
228,email_exact,22,pat.brown7@email.com,0.98
228,email_exact,23,pat.brown7@email.com,0.98
228,email_exact,24,pat.brown7@email.com,0.98
228,email_exact,25,pat.brown7@email.com,0.98
229,email_exact,262,pat.brown95@email.com,0.98
229,email_exact,264,pat.brown95@email.com,0.98
230,email_exact,468,pat.christian173@email.com,0.98
230,email_exact,469,pat.christian173@email.com,0.98
230,email_exact,470,pat.christian173@email.com,0.98
231,email_exact,863,pat.davis315@email.com,0.98
231,email_exact,864,pat.davis315@email.com,0.98
232,email_exact,205,pat.davis74@email.com,0.98
232,email_exact,207,pat.davis74@email.com,0.98
233,email_exact,350,pat.moore127@email.com,0.98
233,email_exact,351,pat.moore127@email.com,0.98
233,email_exact,352,pat.moore127@email.com,0.98
234,email_exact,630,pat.moore231@email.com,0.98
234,email_exact,631,pat.moore231@email.com,0.98
235,email_exact,809,pat.moore294@email.com,0.98
235,email_exact,810,pat.moore294@email.com,0.98
235,email_exact,811,pat.moore294@email.com,0.98
236,email_exact,256,pat.moore93@email.com,0.98
236,email_exact,257,pat.moore93@email.com,0.98
237,email_exact,313,pat.wilson113@email.com,0.98
237,email_exact,314,pat.wilson113@email.com,0.98
238,email_exact,405,pat.wilson150@email.com,0.98
238,email_exact,406,pat.wilson150@email.com,0.98
238,email_exact,407,pat.wilson150@email.com,0.98
239,email_exact,551,pat.wilson204@email.com,0.98
239,email_exact,552,pat.wilson204@email.com,0.98
239,email_exact,553,pat.wilson204@email.com,0.98
240,email_exact,374,riley.anderson136@email.com,0.98
240,email_exact,375,riley.anderson136@email.com,0.98
241,email_exact,588,riley.anderson216@gmail.com,0.98
241,email_exact,589,riley.anderson216@gmail.com,0.98
241,email_exact,590,riley.anderson216@gmail.com,0.98
242,email_exact,731,riley.anderson267@email.com,0.98
242,email_exact,732,riley.anderson267@email.com,0.98
242,email_exact,733,riley.anderson267@email.com,0.98
243,email_exact,841,riley.anderson306@email.com,0.98
243,email_exact,842,riley.anderson306@email.com,0.98
244,email_exact,440,riley.brown162@email.com,0.98
244,email_exact,441,riley.brown162@email.com,0.98
244,email_exact,442,riley.brown162@email.com,0.98
245,email_exact,525,riley.brown195@email.com,0.98
245,email_exact,526,riley.brown195@email.com,0.98
246,email_exact,942,riley.brown343@email.com,0.98
246,email_exact,943,riley.brown343@email.com,0.98
246,email_exact,944,riley.brown343@email.com,0.98
247,email_exact,461,riley.christian170@email.com,0.98
247,email_exact,462,riley.christian170@email.com,0.98
248,email_exact,83,riley.christian30@email.com,0.98
248,email_exact,84,riley.christian30@email.com,0.98
249,email_exact,307,riley.miller111@email.com,0.98
249,email_exact,308,riley.miller111@email.com,0.98
249,email_exact,309,riley.miller111@email.com,0.98
250,email_exact,401,riley.miller148@email.com,0.98
250,email_exact,402,riley.miller148@email.com,0.98
251,email_exact,106,riley.miller39@email.com,0.98
251,email_exact,107,riley.miller39@email.com,0.98
252,email_exact,712,riley.moore260@email.com,0.98
252,email_exact,713,riley.moore260@email.com,0.98
253,email_exact,795,riley.wilson289@email.com,0.98
253,email_exact,797,riley.wilson289@email.com,0.98
254,email_exact,798,riley.wilson290@email.com,0.98
254,email_exact,799,riley.wilson290@email.com,0.98
254,email_exact,800,riley.wilson290@email.com,0.98
254,email_exact,801,riley.wilson290@email.com,0.98
255,email_exact,153,sam.anderson56@email.com,0.98
255,email_exact,154,sam.anderson56@email.com,0.98
255,email_exact,155,sam.anderson56@email.com,0.98
256,email_exact,443,sam.brown163@email.com,0.98
256,email_exact,444,sam.brown163@email.com,0.98
256,email_exact,445,sam.brown163@email.com,0.98
257,email_exact,15,sam.brown5@email.com,0.98
257,email_exact,16,sam.brown5@email.com,0.98
257,email_exact,17,sam.brown5@email.com,0.98
258,email_exact,230,sam.christian83@gmail.com,0.98
258,email_exact,231,sam.christian83@gmail.com,0.98
259,email_exact,363,sam.davis132@email.com,0.98
259,email_exact,364,sam.davis132@email.com,0.98
259,email_exact,365,sam.davis132@email.com,0.98
260,email_exact,782,sam.davis285@email.com,0.98
260,email_exact,783,sam.davis285@email.com,0.98
260,email_exact,784,sam.davis285@email.com,0.98
260,email_exact,785,sam.davis285@email.com,0.98
261,email_exact,253,sam.davis92@email.com,0.98
261,email_exact,254,sam.davis92@email.com,0.98
261,email_exact,255,sam.davis92@email.com,0.98
262,email_exact,347,sam.johnson126@email.com,0.98
262,email_exact,348,sam.johnson126@email.com,0.98
263,email_exact,36,sam.johnson12@email.com,0.98
263,email_exact,37,sam.johnson12@email.com,0.98
263,email_exact,38,sam.johnson12@email.com,0.98
264,email_exact,644,sam.johnson236@email.com,0.98
264,email_exact,645,sam.johnson236@email.com,0.98
264,email_exact,646,sam.johnson236@email.com,0.98
264,email_exact,647,sam.johnson236@email.com,0.98
265,email_exact,580,sam.miller214@email.com,0.98
265,email_exact,581,sam.miller214@email.com,0.98
265,email_exact,582,sam.miller214@email.com,0.98
265,email_exact,583,sam.miller214@email.com,0.98
266,email_exact,636,sam.miller233@email.com,0.98
266,email_exact,637,sam.miller233@email.com,0.98
267,email_exact,533,sam.smith198@email.com,0.98
267,email_exact,534,sam.smith198@email.com,0.98
268,email_exact,124,sam.smith46@email.com,0.98
268,email_exact,125,sam.smith46@email.com,0.98
268,email_exact,126,sam.smith46@email.com,0.98
269,email_exact,304,sam.taylor110@email.com,0.98
269,email_exact,306,sam.taylor110@email.com,0.98
270,email_exact,391,sam.taylor143@email.com,0.98
270,email_exact,393,sam.taylor143@email.com,0.98
271,email_exact,222,sam.taylor80@gmail.com,0.98
271,email_exact,223,sam.taylor80@gmail.com,0.98
272,email_exact,805,sam.wilson292@email.com,0.98
272,email_exact,806,sam.wilson292@email.com,0.98
273,email_exact,918,sam.wilson335@gmail.com,0.98
273,email_exact,919,sam.wilson335@gmail.com,0.98
273,email_exact,920,sam.wilson335@gmail.com,0.98
274,email_exact,98,sam.wilson36@email.com,0.98
274,email_exact,99,sam.wilson36@email.com,0.98
275,email_exact,113,sam.wilson42@email.com,0.98
275,email_exact,114,sam.wilson42@email.com,0.98
275,email_exact,115,sam.wilson42@email.com,0.98
276,email_exact,371,taylor.anderson135@email.com,0.98
276,email_exact,372,taylor.anderson135@email.com,0.98
276,email_exact,373,taylor.anderson135@email.com,0.98
277,email_exact,32,taylor.brown10@gmail.com,0.98
277,email_exact,33,taylor.brown10@gmail.com,0.98
278,email_exact,704,taylor.brown257@email.com,0.98
278,email_exact,705,taylor.brown257@email.com,0.98
278,email_exact,706,taylor.brown257@email.com,0.98
279,email_exact,831,taylor.brown303@gmail.com,0.98
279,email_exact,832,taylor.brown303@gmail.com,0.98
279,email_exact,833,taylor.brown303@gmail.com,0.98
280,email_exact,19,taylor.brown6@email.com,0.98
280,email_exact,20,taylor.brown6@email.com,0.98
280,email_exact,21,taylor.brown6@email.com,0.98
281,email_exact,218,taylor.brown79@email.com,0.98
281,email_exact,219,taylor.brown79@email.com,0.98
281,email_exact,220,taylor.brown79@email.com,0.98
281,email_exact,221,taylor.brown79@email.com,0.98
282,email_exact,381,taylor.christian139@email.com,0.98
282,email_exact,382,taylor.christian139@email.com,0.98
282,email_exact,383,taylor.christian139@email.com,0.98
283,email_exact,774,taylor.christian283@email.com,0.98
283,email_exact,775,taylor.christian283@email.com,0.98
284,email_exact,776,taylor.christian283@gmail.com,0.98
284,email_exact,777,taylor.christian283@gmail.com,0.98
285,email_exact,73,taylor.davis26@email.com,0.98
285,email_exact,74,taylor.davis26@email.com,0.98
286,email_exact,829,taylor.davis302@email.com,0.98
286,email_exact,830,taylor.davis302@email.com,0.98
287,email_exact,873,taylor.johnson319@email.com,0.98
287,email_exact,874,taylor.johnson319@email.com,0.98
287,email_exact,876,taylor.johnson319@email.com,0.98
288,email_exact,183,taylor.johnson66@email.com,0.98
288,email_exact,184,taylor.johnson66@email.com,0.98
288,email_exact,185,taylor.johnson66@email.com,0.98
288,email_exact,186,taylor.johnson66@email.com,0.98
289,email_exact,424,taylor.miller156@email.com,0.98
289,email_exact,425,taylor.miller156@email.com,0.98
289,email_exact,426,taylor.miller156@email.com,0.98
290,email_exact,500,taylor.miller186@email.com,0.98
290,email_exact,501,taylor.miller186@email.com,0.98
291,email_exact,55,taylor.miller19@email.com,0.98
291,email_exact,57,taylor.miller19@email.com,0.98
292,email_exact,855,taylor.miller312@email.com,0.98
292,email_exact,856,taylor.miller312@email.com,0.98
292,email_exact,857,taylor.miller312@email.com,0.98
293,email_exact,860,taylor.miller314@email.com,0.98
293,email_exact,862,taylor.miller314@email.com,0.98
294,email_exact,702,taylor.taylor256@email.com,0.98
294,email_exact,703,taylor.taylor256@email.com,0.98
295,email_exact,901,taylor.taylor329@email.com,0.98
295,email_exact,902,taylor.taylor329@email.com,0.98
296,email_exact,366,taylor.wilson133@email.com,0.98
296,email_exact,367,taylor.wilson133@email.com,0.98
296,email_exact,368,taylor.wilson133@email.com,0.98
297,email_exact,542,taylor.wilson201@email.com,0.98
297,email_exact,543,taylor.wilson201@email.com,0.98
297,email_exact,544,taylor.wilson201@email.com,0.98
298,phone_lastname,954,2025875296|brown,0.92
298,phone_lastname,955,2025875296|brown,0.92
298,phone_lastname,956,2025875296|brown,0.92
299,phone_lastname,822,2036758708|moore,0.92
299,phone_lastname,823,2036758708|moore,0.92
300,phone_lastname,256,2042487120|moore,0.92
300,phone_lastname,257,2042487120|moore,0.92
300,phone_lastname,258,2042487120|moore,0.92
301,phone_lastname,482,2107205411|anderson,0.92
301,phone_lastname,483,2107205411|anderson,0.92
302,phone_lastname,366,2158715275|wilson,0.92
302,phone_lastname,367,2158715275|wilson,0.92
302,phone_lastname,368,2158715275|wilson,0.92
303,phone_lastname,934,2162585065|wilson,0.92
303,phone_lastname,935,2162585065|wilson,0.92
303,phone_lastname,936,2162585065|wilson,0.92
304,phone_lastname,341,2204625594|smith,0.92
304,phone_lastname,342,2204625594|smith,0.92
304,phone_lastname,343,2204625594|smith,0.92
305,phone_lastname,300,2207265471|davis,0.92
305,phone_lastname,301,2207265471|davis,0.92
305,phone_lastname,302,2207265471|davis,0.92
305,phone_lastname,303,2207265471|davis,0.92
306,phone_lastname,516,2212002127|brown,0.92
306,phone_lastname,517,2212002127|brown,0.92
307,phone_lastname,417,2242322208|johnson,0.92
307,phone_lastname,418,2242322208|johnson,0.92
307,phone_lastname,419,2242322208|johnson,0.92
308,phone_lastname,376,2288759397|wilson,0.92
308,phone_lastname,377,2288759397|wilson,0.92
309,phone_lastname,32,2298157139|brown,0.92
309,phone_lastname,33,2298157139|brown,0.92
310,phone_lastname,672,2327956176|christian,0.92
310,phone_lastname,673,2327956176|christian,0.92
310,phone_lastname,674,2327956176|christian,0.92
311,phone_lastname,566,2333738704|brown,0.92
311,phone_lastname,567,2333738704|brown,0.92
311,phone_lastname,568,2333738704|brown,0.92
312,phone_lastname,62,2336835490|christian,0.92
312,phone_lastname,63,2336835490|christian,0.92
312,phone_lastname,64,2336835490|christian,0.92
312,phone_lastname,65,2336835490|christian,0.92
313,phone_lastname,782,2352273344|davis,0.92
313,phone_lastname,783,2352273344|davis,0.92
313,phone_lastname,784,2352273344|davis,0.92
313,phone_lastname,785,2352273344|davis,0.92
314,phone_lastname,41,2383148953|anderson,0.92
314,phone_lastname,42,2383148953|anderson,0.92
315,phone_lastname,323,2412228535|christian,0.92
315,phone_lastname,324,2412228535|christian,0.92
315,phone_lastname,325,2412228535|christian,0.92
316,phone_lastname,58,2438842946|smith,0.92
316,phone_lastname,59,2438842946|smith,0.92
317,phone_lastname,191,2452334259|christian,0.92
317,phone_lastname,192,2452334259|christian,0.92
317,phone_lastname,193,2452334259|christian,0.92
317,phone_lastname,194,2452334259|christian,0.92
318,phone_lastname,295,2453007753|brown,0.92
318,phone_lastname,296,2453007753|brown,0.92
319,phone_lastname,738,2527458879|miller,0.92
319,phone_lastname,739,2527458879|miller,0.92
319,phone_lastname,740,2527458879|miller,0.92
320,phone_lastname,635,2534605753|miller,0.92
320,phone_lastname,636,2534605753|miller,0.92
320,phone_lastname,637,2534605753|miller,0.92
321,phone_lastname,900,2573755723|taylor,0.92
321,phone_lastname,901,2573755723|taylor,0.92
321,phone_lastname,902,2573755723|taylor,0.92
322,phone_lastname,86,2635355067|taylor,0.92
322,phone_lastname,87,2635355067|taylor,0.92
322,phone_lastname,88,2635355067|taylor,0.92
323,phone_lastname,524,2644593485|brown,0.92
323,phone_lastname,525,2644593485|brown,0.92
323,phone_lastname,526,2644593485|brown,0.92
324,phone_lastname,195,2652763197|johnson,0.92
324,phone_lastname,196,2652763197|johnson,0.92
324,phone_lastname,197,2652763197|johnson,0.92
325,phone_lastname,272,2688154044|brown,0.92
325,phone_lastname,273,2688154044|brown,0.92
325,phone_lastname,274,2688154044|brown,0.92
325,phone_lastname,275,2688154044|brown,0.92
326,phone_lastname,846,2735063045|anderson,0.92
326,phone_lastname,847,2735063045|anderson,0.92
326,phone_lastname,848,2735063045|anderson,0.92
327,phone_lastname,178,2735477078|smith,0.92
327,phone_lastname,179,2735477078|smith,0.92
327,phone_lastname,180,2735477078|smith,0.92
327,phone_lastname,181,2735477078|smith,0.92
327,phone_lastname,182,2735477078|smith,0.92
328,phone_lastname,735,2813043965|christian,0.92
328,phone_lastname,736,2813043965|christian,0.92
328,phone_lastname,737,2813043965|christian,0.92
329,phone_lastname,648,2814429004|christian,0.92
329,phone_lastname,649,2814429004|christian,0.92
329,phone_lastname,650,2814429004|christian,0.92
330,phone_lastname,230,2868096040|christian,0.92
330,phone_lastname,231,2868096040|christian,0.92
331,phone_lastname,924,2914065206|anderson,0.92
331,phone_lastname,925,2914065206|anderson,0.92
331,phone_lastname,926,2914065206|anderson,0.92
331,phone_lastname,927,2914065206|anderson,0.92
332,phone_lastname,563,2933372675|smith,0.92
332,phone_lastname,564,2933372675|smith,0.92
332,phone_lastname,565,2933372675|smith,0.92
333,phone_lastname,824,2949259441|anderson,0.92
333,phone_lastname,825,2949259441|anderson,0.92
333,phone_lastname,826,2949259441|anderson,0.92
333,phone_lastname,827,2949259441|anderson,0.92
334,phone_lastname,215,2959127941|brown,0.92
334,phone_lastname,216,2959127941|brown,0.92
334,phone_lastname,217,2959127941|brown,0.92
335,phone_lastname,176,2966562902|taylor,0.92
335,phone_lastname,177,2966562902|taylor,0.92
336,phone_lastname,840,3014811473|anderson,0.92
336,phone_lastname,841,3014811473|anderson,0.92
336,phone_lastname,842,3014811473|anderson,0.92
337,phone_lastname,597,3053625558|moore,0.92
337,phone_lastname,598,3053625558|moore,0.92
337,phone_lastname,599,3053625558|moore,0.92
338,phone_lastname,405,3136518996|wilson,0.92
338,phone_lastname,406,3136518996|wilson,0.92
338,phone_lastname,407,3136518996|wilson,0.92
339,phone_lastname,203,3159079829|anderson,0.92
339,phone_lastname,204,3159079829|anderson,0.92
340,phone_lastname,1,3159827436|moore,0.92
340,phone_lastname,2,3159827436|moore,0.92
340,phone_lastname,3,3159827436|moore,0.92
341,phone_lastname,712,3162615873|moore,0.92
341,phone_lastname,713,3162615873|moore,0.92
342,phone_lastname,34,3166654319|brown,0.92
342,phone_lastname,35,3166654319|brown,0.92
343,phone_lastname,664,3169137705|anderson,0.92
343,phone_lastname,665,3169137705|anderson,0.92
343,phone_lastname,666,3169137705|anderson,0.92
344,phone_lastname,384,3169933128|wilson,0.92
344,phone_lastname,385,3169933128|wilson,0.92
345,phone_lastname,210,3187103192|brown,0.92
345,phone_lastname,211,3187103192|brown,0.92
346,phone_lastname,347,3229164376|johnson,0.92
346,phone_lastname,348,3229164376|johnson,0.92
346,phone_lastname,349,3229164376|johnson,0.92
347,phone_lastname,334,3264364451|anderson,0.92
347,phone_lastname,335,3264364451|anderson,0.92
347,phone_lastname,336,3264364451|anderson,0.92
348,phone_lastname,55,3267356682|miller,0.92
348,phone_lastname,56,3267356682|miller,0.92
348,phone_lastname,57,3267356682|miller,0.92
349,phone_lastname,104,3288607243|brown,0.92
349,phone_lastname,105,3288607243|brown,0.92
350,phone_lastname,572,3289578933|moore,0.92
350,phone_lastname,573,3289578933|moore,0.92
350,phone_lastname,574,3289578933|moore,0.92
350,phone_lastname,575,3289578933|moore,0.92
351,phone_lastname,363,3372466787|davis,0.92
351,phone_lastname,364,3372466787|davis,0.92
351,phone_lastname,365,3372466787|davis,0.92
352,phone_lastname,391,3419637966|taylor,0.92
352,phone_lastname,392,3419637966|taylor,0.92
352,phone_lastname,393,3419637966|taylor,0.92
353,phone_lastname,281,3429923525|miller,0.92
353,phone_lastname,282,3429923525|miller,0.92
353,phone_lastname,283,3429923525|miller,0.92
354,phone_lastname,709,3432601680|johnson,0.92
354,phone_lastname,710,3432601680|johnson,0.92
354,phone_lastname,711,3432601680|johnson,0.92
355,phone_lastname,513,3473053677|davis,0.92
355,phone_lastname,514,3473053677|davis,0.92
355,phone_lastname,515,3473053677|davis,0.92
356,phone_lastname,19,3515851497|brown,0.92
356,phone_lastname,20,3515851497|brown,0.92
356,phone_lastname,21,3515851497|brown,0.92
357,phone_lastname,627,3555183928|brown,0.92
357,phone_lastname,628,3555183928|brown,0.92
357,phone_lastname,629,3555183928|brown,0.92
358,phone_lastname,183,3564592132|johnson,0.92
358,phone_lastname,184,3564592132|johnson,0.92
358,phone_lastname,185,3564592132|johnson,0.92
358,phone_lastname,186,3564592132|johnson,0.92
359,phone_lastname,660,3565729951|miller,0.92
359,phone_lastname,661,3565729951|miller,0.92
360,phone_lastname,786,3572999155|davis,0.92
360,phone_lastname,787,3572999155|davis,0.92
360,phone_lastname,788,3572999155|davis,0.92
360,phone_lastname,789,3572999155|davis,0.92
361,phone_lastname,587,3595436806|anderson,0.92
361,phone_lastname,588,3595436806|anderson,0.92
361,phone_lastname,589,3595436806|anderson,0.92
361,phone_lastname,590,3595436806|anderson,0.92
362,phone_lastname,454,3599494319|davis,0.92
362,phone_lastname,455,3599494319|davis,0.92
362,phone_lastname,456,3599494319|davis,0.92
363,phone_lastname,356,3625774053|smith,0.92
363,phone_lastname,357,3625774053|smith,0.92
363,phone_lastname,358,3625774053|smith,0.92
363,phone_lastname,359,3625774053|smith,0.92
364,phone_lastname,157,3644958663|moore,0.92
364,phone_lastname,158,3644958663|moore,0.92
364,phone_lastname,159,3644958663|moore,0.92
365,phone_lastname,630,3708464286|moore,0.92
365,phone_lastname,631,3708464286|moore,0.92
365,phone_lastname,632,3708464286|moore,0.92
366,phone_lastname,741,3713072627|smith,0.92
366,phone_lastname,742,3713072627|smith,0.92
366,phone_lastname,743,3713072627|smith,0.92
367,phone_lastname,108,3733192772|davis,0.92
367,phone_lastname,109,3733192772|davis,0.92
367,phone_lastname,110,3733192772|davis,0.92
368,phone_lastname,237,3748992559|taylor,0.92
368,phone_lastname,238,3748992559|taylor,0.92
368,phone_lastname,239,3748992559|taylor,0.92
368,phone_lastname,240,3748992559|taylor,0.92
368,phone_lastname,241,3748992559|taylor,0.92
369,phone_lastname,310,3782487356|taylor,0.92
369,phone_lastname,311,3782487356|taylor,0.92
369,phone_lastname,312,3782487356|taylor,0.92
370,phone_lastname,774,3804356222|christian,0.92
370,phone_lastname,775,3804356222|christian,0.92
370,phone_lastname,776,3804356222|christian,0.92
370,phone_lastname,777,3804356222|christian,0.92
371,phone_lastname,381,3836968058|christian,0.92
371,phone_lastname,382,3836968058|christian,0.92
371,phone_lastname,383,3836968058|christian,0.92
372,phone_lastname,140,3844432200|anderson,0.92
372,phone_lastname,141,3844432200|anderson,0.92
373,phone_lastname,292,3864287891|brown,0.92
373,phone_lastname,293,3864287891|brown,0.92
373,phone_lastname,294,3864287891|brown,0.92
374,phone_lastname,438,3898362432|moore,0.92
374,phone_lastname,439,3898362432|moore,0.92
375,phone_lastname,873,3912734274|johnson,0.92
375,phone_lastname,874,3912734274|johnson,0.92
375,phone_lastname,875,3912734274|johnson,0.92
375,phone_lastname,876,3912734274|johnson,0.92
376,phone_lastname,49,3975054011|brown,0.92
376,phone_lastname,50,3975054011|brown,0.92
376,phone_lastname,51,3975054011|brown,0.92
376,phone_lastname,52,3975054011|brown,0.92
377,phone_lastname,235,3975932464|johnson,0.92
377,phone_lastname,236,3975932464|johnson,0.92
378,phone_lastname,378,4012151304|smith,0.92
378,phone_lastname,379,4012151304|smith,0.92
378,phone_lastname,380,4012151304|smith,0.92
379,phone_lastname,726,4036507098|miller,0.92
379,phone_lastname,727,4036507098|miller,0.92
379,phone_lastname,728,4036507098|miller,0.92
380,phone_lastname,928,4069708687|anderson,0.92
380,phone_lastname,929,4069708687|anderson,0.92
380,phone_lastname,930,4069708687|anderson,0.92
381,phone_lastname,539,4095363174|christian,0.92
381,phone_lastname,540,4095363174|christian,0.92
381,phone_lastname,541,4095363174|christian,0.92
382,phone_lastname,22,4126427020|brown,0.92
382,phone_lastname,23,4126427020|brown,0.92
382,phone_lastname,24,4126427020|brown,0.92
382,phone_lastname,25,4126427020|brown,0.92
383,phone_lastname,66,4156101546|miller,0.92
383,phone_lastname,67,4156101546|miller,0.92
384,phone_lastname,834,4197144069|johnson,0.92
384,phone_lastname,835,4197144069|johnson,0.92
384,phone_lastname,836,4197144069|johnson,0.92
384,phone_lastname,837,4197144069|johnson,0.92
385,phone_lastname,855,4204979336|miller,0.92
385,phone_lastname,856,4204979336|miller,0.92
385,phone_lastname,857,4204979336|miller,0.92
386,phone_lastname,756,4279612700|taylor,0.92
386,phone_lastname,757,4279612700|taylor,0.92
386,phone_lastname,758,4279612700|taylor,0.92
387,phone_lastname,569,4297867460|miller,0.92
387,phone_lastname,570,4297867460|miller,0.92
387,phone_lastname,571,4297867460|miller,0.92
388,phone_lastname,521,4314781665|anderson,0.92
388,phone_lastname,522,4314781665|anderson,0.92
388,phone_lastname,523,4314781665|anderson,0.92
389,phone_lastname,4,4379283287|taylor,0.92
389,phone_lastname,5,4379283287|taylor,0.92
389,phone_lastname,6,4379283287|taylor,0.92
390,phone_lastname,468,4388555651|christian,0.92
390,phone_lastname,469,4388555651|christian,0.92
390,phone_lastname,470,4388555651|christian,0.92
391,phone_lastname,374,4389916422|anderson,0.92
391,phone_lastname,375,4389916422|anderson,0.92
392,phone_lastname,93,4403722470|miller,0.92
392,phone_lastname,94,4403722470|miller,0.92
393,phone_lastname,699,4432119236|smith,0.92
393,phone_lastname,700,4432119236|smith,0.92
393,phone_lastname,701,4432119236|smith,0.92
394,phone_lastname,433,4437471239|wilson,0.92
394,phone_lastname,434,4437471239|wilson,0.92
395,phone_lastname,670,4466845638|wilson,0.92
395,phone_lastname,671,4466845638|wilson,0.92
396,phone_lastname,679,4487626652|moore,0.92
396,phone_lastname,680,4487626652|moore,0.92
397,phone_lastname,487,4586404788|taylor,0.92
397,phone_lastname,488,4586404788|taylor,0.92
397,phone_lastname,489,4586404788|taylor,0.92
398,phone_lastname,43,4607018698|christian,0.92
398,phone_lastname,44,4607018698|christian,0.92
398,phone_lastname,45,4607018698|christian,0.92
399,phone_lastname,101,4632938431|taylor,0.92
399,phone_lastname,102,4632938431|taylor,0.92
399,phone_lastname,103,4632938431|taylor,0.92
400,phone_lastname,790,4643875450|davis,0.92
400,phone_lastname,791,4643875450|davis,0.92
400,phone_lastname,792,4643875450|davis,0.92
401,phone_lastname,80,4655167351|taylor,0.92
401,phone_lastname,81,4655167351|taylor,0.92
401,phone_lastname,82,4655167351|taylor,0.92
402,phone_lastname,212,4658855549|christian,0.92
402,phone_lastname,213,4658855549|christian,0.92
402,phone_lastname,214,4658855549|christian,0.92
403,phone_lastname,494,4668369061|wilson,0.92
403,phone_lastname,495,4668369061|wilson,0.92
404,phone_lastname,545,4703952014|davis,0.92
404,phone_lastname,546,4703952014|davis,0.92
404,phone_lastname,547,4703952014|davis,0.92
404,phone_lastname,548,4703952014|davis,0.92
405,phone_lastname,36,4743012954|johnson,0.92
405,phone_lastname,37,4743012954|johnson,0.92
405,phone_lastname,38,4743012954|johnson,0.92
406,phone_lastname,805,4766475814|wilson,0.92
406,phone_lastname,806,4766475814|wilson,0.92
406,phone_lastname,807,4766475814|wilson,0.92
407,phone_lastname,580,4782755967|miller,0.92
407,phone_lastname,581,4782755967|miller,0.92
407,phone_lastname,582,4782755967|miller,0.92
407,phone_lastname,583,4782755967|miller,0.92
408,phone_lastname,106,4798128214|miller,0.92
408,phone_lastname,107,4798128214|miller,0.92
409,phone_lastname,718,4807237861|anderson,0.92
409,phone_lastname,719,4807237861|anderson,0.92
409,phone_lastname,720,4807237861|anderson,0.92
410,phone_lastname,173,4809112677|davis,0.92
410,phone_lastname,174,4809112677|davis,0.92
410,phone_lastname,175,4809112677|davis,0.92
411,phone_lastname,750,4845371638|smith,0.92
411,phone_lastname,751,4845371638|smith,0.92
411,phone_lastname,752,4845371638|smith,0.92
412,phone_lastname,461,4846601764|christian,0.92
412,phone_lastname,462,4846601764|christian,0.92
413,phone_lastname,681,4896916902|smith,0.92
413,phone_lastname,682,4896916902|smith,0.92
413,phone_lastname,683,4896916902|smith,0.92
414,phone_lastname,714,4924739322|brown,0.92
414,phone_lastname,715,4924739322|brown,0.92
414,phone_lastname,716,4924739322|brown,0.92
414,phone_lastname,717,4924739322|brown,0.92
415,phone_lastname,769,4959211836|miller,0.92
415,phone_lastname,770,4959211836|miller,0.92
415,phone_lastname,771,4959211836|miller,0.92
416,phone_lastname,136,4963722065|anderson,0.92
416,phone_lastname,137,4963722065|anderson,0.92
416,phone_lastname,138,4963722065|anderson,0.92
416,phone_lastname,139,4963722065|anderson,0.92
417,phone_lastname,763,5053535515|smith,0.92
417,phone_lastname,764,5053535515|smith,0.92
417,phone_lastname,765,5053535515|smith,0.92
418,phone_lastname,401,5058814056|miller,0.92
418,phone_lastname,402,5058814056|miller,0.92
419,phone_lastname,600,5063298315|smith,0.92
419,phone_lastname,601,5063298315|smith,0.92
419,phone_lastname,602,5063298315|smith,0.92
420,phone_lastname,903,5108239593|brown,0.92
420,phone_lastname,904,5108239593|brown,0.92
420,phone_lastname,905,5108239593|brown,0.92
421,phone_lastname,287,5109568482|anderson,0.92
421,phone_lastname,288,5109568482|anderson,0.92
421,phone_lastname,289,5109568482|anderson,0.92
422,phone_lastname,75,5146134820|anderson,0.92
422,phone_lastname,76,5146134820|anderson,0.92
423,phone_lastname,675,5184132916|miller,0.92
423,phone_lastname,676,5184132916|miller,0.92
423,phone_lastname,677,5184132916|miller,0.92
423,phone_lastname,678,5184132916|miller,0.92
424,phone_lastname,478,5266619995|christian,0.92
424,phone_lastname,479,5266619995|christian,0.92
424,phone_lastname,480,5266619995|christian,0.92
424,phone_lastname,481,5266619995|christian,0.92
425,phone_lastname,584,5268981101|wilson,0.92
425,phone_lastname,585,5268981101|wilson,0.92
425,phone_lastname,586,5268981101|wilson,0.92
426,phone_lastname,849,5296658480|johnson,0.92
426,phone_lastname,850,5296658480|johnson,0.92
426,phone_lastname,851,5296658480|johnson,0.92
427,phone_lastname,337,5336648558|smith,0.92
427,phone_lastname,338,5336648558|smith,0.92
427,phone_lastname,339,5336648558|smith,0.92
427,phone_lastname,340,5336648558|smith,0.92
428,phone_lastname,227,5345807615|davis,0.92
428,phone_lastname,228,5345807615|davis,0.92
428,phone_lastname,229,5345807615|davis,0.92
429,phone_lastname,394,5348069118|miller,0.92
429,phone_lastname,395,5348069118|miller,0.92
429,phone_lastname,396,5348069118|miller,0.92
430,phone_lastname,611,5388238630|christian,0.92
430,phone_lastname,612,5388238630|christian,0.92
430,phone_lastname,613,5388238630|christian,0.92
431,phone_lastname,707,5404558226|moore,0.92
431,phone_lastname,708,5404558226|moore,0.92
432,phone_lastname,26,5445006477|davis,0.92
432,phone_lastname,27,5445006477|davis,0.92
433,phone_lastname,162,5447428734|taylor,0.92
433,phone_lastname,163,5447428734|taylor,0.92
433,phone_lastname,164,5447428734|taylor,0.92
434,phone_lastname,222,5448105111|taylor,0.92
434,phone_lastname,223,5448105111|taylor,0.92
434,phone_lastname,224,5448105111|taylor,0.92
435,phone_lastname,11,5494034373|wilson,0.92
435,phone_lastname,12,5494034373|wilson,0.92
435,phone_lastname,13,5494034373|wilson,0.92
435,phone_lastname,14,5494034373|wilson,0.92
436,phone_lastname,160,5519337145|moore,0.92
436,phone_lastname,161,5519337145|moore,0.92
437,phone_lastname,144,5522769890|christian,0.92
437,phone_lastname,145,5522769890|christian,0.92
437,phone_lastname,146,5522769890|christian,0.92
438,phone_lastname,68,5535047033|miller,0.92
438,phone_lastname,69,5535047033|miller,0.92
439,phone_lastname,424,5546512606|miller,0.92
439,phone_lastname,425,5546512606|miller,0.92
439,phone_lastname,426,5546512606|miller,0.92
440,phone_lastname,471,5578076409|miller,0.92
440,phone_lastname,472,5578076409|miller,0.92
440,phone_lastname,473,5578076409|miller,0.92
441,phone_lastname,753,5588222576|johnson,0.92
441,phone_lastname,754,5588222576|johnson,0.92
441,phone_lastname,755,5588222576|johnson,0.92
442,phone_lastname,863,5598797778|davis,0.92
442,phone_lastname,864,5598797778|davis,0.92
442,phone_lastname,865,5598797778|davis,0.92
443,phone_lastname,443,5607052188|brown,0.92
443,phone_lastname,444,5607052188|brown,0.92
443,phone_lastname,445,5607052188|brown,0.92
444,phone_lastname,265,5607459139|smith,0.92
444,phone_lastname,266,5607459139|smith,0.92
444,phone_lastname,267,5607459139|smith,0.92
445,phone_lastname,795,5706998124|wilson,0.92
445,phone_lastname,796,5706998124|wilson,0.92
445,phone_lastname,797,5706998124|wilson,0.92
446,phone_lastname,496,5742515088|smith,0.92
446,phone_lastname,497,5742515088|smith,0.92
447,phone_lastname,259,5753034788|smith,0.92
447,phone_lastname,260,5753034788|smith,0.92
447,phone_lastname,261,5753034788|smith,0.92
448,phone_lastname,457,5775417284|johnson,0.92
448,phone_lastname,458,5775417284|johnson,0.92
449,phone_lastname,130,5808794077|moore,0.92
449,phone_lastname,131,5808794077|moore,0.92
449,phone_lastname,132,5808794077|moore,0.92
450,phone_lastname,957,5848295048|brown,0.92
450,phone_lastname,958,5848295048|brown,0.92
450,phone_lastname,959,5848295048|brown,0.92
451,phone_lastname,279,5853818721|wilson,0.92
451,phone_lastname,280,5853818721|wilson,0.92
452,phone_lastname,297,5926843207|anderson,0.92
452,phone_lastname,298,5926843207|anderson,0.92
452,phone_lastname,299,5926843207|anderson,0.92
453,phone_lastname,208,5937731820|johnson,0.92
453,phone_lastname,209,5937731820|johnson,0.92
454,phone_lastname,767,5956657203|johnson,0.92
454,phone_lastname,768,5956657203|johnson,0.92
455,phone_lastname,653,5965116950|taylor,0.92
455,phone_lastname,654,5965116950|taylor,0.92
455,phone_lastname,655,5965116950|taylor,0.92
455,phone_lastname,656,5965116950|taylor,0.92
456,phone_lastname,793,5989336889|taylor,0.92
456,phone_lastname,794,5989336889|taylor,0.92
457,phone_lastname,170,6013919072|brown,0.92
457,phone_lastname,171,6013919072|brown,0.92
457,phone_lastname,172,6013919072|brown,0.92
458,phone_lastname,560,6032532923|brown,0.92
458,phone_lastname,561,6032532923|brown,0.92
458,phone_lastname,562,6032532923|brown,0.92
459,phone_lastname,820,6035035500|johnson,0.92
459,phone_lastname,821,6035035500|johnson,0.92
460,phone_lastname,361,6052271374|moore,0.92
460,phone_lastname,362,6052271374|moore,0.92
461,phone_lastname,528,6079852441|anderson,0.92
461,phone_lastname,529,6079852441|anderson,0.92
461,phone_lastname,530,6079852441|anderson,0.92
461,phone_lastname,531,6079852441|anderson,0.92
461,phone_lastname,532,6079852441|anderson,0.92
462,phone_lastname,142,6093002066|davis,0.92
462,phone_lastname,143,6093002066|davis,0.92
463,phone_lastname,896,6108252749|taylor,0.92
463,phone_lastname,897,6108252749|taylor,0.92
463,phone_lastname,898,6108252749|taylor,0.92
463,phone_lastname,899,6108252749|taylor,0.92
464,phone_lastname,843,6135697133|brown,0.92
464,phone_lastname,844,6135697133|brown,0.92
465,phone_lastname,729,6136113221|brown,0.92
465,phone_lastname,730,6136113221|brown,0.92
466,phone_lastname,89,6184309822|christian,0.92
466,phone_lastname,90,6184309822|christian,0.92
467,phone_lastname,326,6192815831|christian,0.92
467,phone_lastname,327,6192815831|christian,0.92
468,phone_lastname,607,6219147899|anderson,0.92
468,phone_lastname,608,6219147899|anderson,0.92
468,phone_lastname,609,6219147899|anderson,0.92
468,phone_lastname,610,6219147899|anderson,0.92
469,phone_lastname,15,6267989968|brown,0.92
469,phone_lastname,16,6267989968|brown,0.92
469,phone_lastname,17,6267989968|brown,0.92
469,phone_lastname,18,6267989968|brown,0.92
470,phone_lastname,591,6276036158|taylor,0.92
470,phone_lastname,592,6276036158|taylor,0.92
471,phone_lastname,398,6315122358|brown,0.92
471,phone_lastname,399,6315122358|brown,0.92
472,phone_lastname,576,6337724749|davis,0.92
472,phone_lastname,577,6337724749|davis,0.92
472,phone_lastname,578,6337724749|davis,0.92
472,phone_lastname,579,6337724749|davis,0.92
473,phone_lastname,60,6359286029|brown,0.92
473,phone_lastname,61,6359286029|brown,0.92
474,phone_lastname,747,6375234171|wilson,0.92
474,phone_lastname,748,6375234171|wilson,0.92
474,phone_lastname,749,6375234171|wilson,0.92
475,phone_lastname,435,6378696667|davis,0.92
475,phone_lastname,436,6378696667|davis,0.92
475,phone_lastname,437,6378696667|davis,0.92
476,phone_lastname,371,6395143071|anderson,0.92
476,phone_lastname,372,6395143071|anderson,0.92
476,phone_lastname,373,6395143071|anderson,0.92
477,phone_lastname,860,6423982532|miller,0.92
477,phone_lastname,861,6423982532|miller,0.92
477,phone_lastname,862,6423982532|miller,0.92
478,phone_lastname,702,6495001110|taylor,0.92
478,phone_lastname,703,6495001110|taylor,0.92
479,phone_lastname,187,6504225149|taylor,0.92
479,phone_lastname,188,6504225149|taylor,0.92
479,phone_lastname,189,6504225149|taylor,0.92
479,phone_lastname,190,6504225149|taylor,0.92
480,phone_lastname,91,6504788865|moore,0.92
480,phone_lastname,92,6504788865|moore,0.92
481,phone_lastname,621,6507456041|anderson,0.92
481,phone_lastname,622,6507456041|anderson,0.92
482,phone_lastname,121,6517556206|anderson,0.92
482,phone_lastname,122,6517556206|anderson,0.92
483,phone_lastname,917,6556893398|wilson,0.92
483,phone_lastname,918,6556893398|wilson,0.92
483,phone_lastname,919,6556893398|wilson,0.92
483,phone_lastname,920,6556893398|wilson,0.92
484,phone_lastname,46,6563801738|davis,0.92
484,phone_lastname,47,6563801738|davis,0.92
484,phone_lastname,48,6563801738|davis,0.92
485,phone_lastname,98,6619697577|wilson,0.92
485,phone_lastname,99,6619697577|wilson,0.92
485,phone_lastname,100,6619697577|wilson,0.92
486,phone_lastname,687,6623852136|davis,0.92
486,phone_lastname,688,6623852136|davis,0.92
486,phone_lastname,689,6623852136|davis,0.92
487,phone_lastname,251,6732388579|johnson,0.92
487,phone_lastname,252,6732388579|johnson,0.92
488,phone_lastname,802,6765574076|brown,0.92
488,phone_lastname,803,6765574076|brown,0.92
488,phone_lastname,804,6765574076|brown,0.92
489,phone_lastname,619,6787369352|miller,0.92
489,phone_lastname,620,6787369352|miller,0.92
490,phone_lastname,744,6794408475|smith,0.92
490,phone_lastname,745,6794408475|smith,0.92
490,phone_lastname,746,6794408475|smith,0.92
491,phone_lastname,420,6826252048|johnson,0.92
491,phone_lastname,421,6826252048|johnson,0.92
491,phone_lastname,422,6826252048|johnson,0.92
491,phone_lastname,423,6826252048|johnson,0.92
492,phone_lastname,344,6838318272|johnson,0.92
492,phone_lastname,345,6838318272|johnson,0.92
492,phone_lastname,346,6838318272|johnson,0.92
493,phone_lastname,72,6852051003|davis,0.92
493,phone_lastname,73,6852051003|davis,0.92
493,phone_lastname,74,6852051003|davis,0.92
494,phone_lastname,123,6857463331|smith,0.92
494,phone_lastname,124,6857463331|smith,0.92
494,phone_lastname,125,6857463331|smith,0.92
494,phone_lastname,126,6857463331|smith,0.92
495,phone_lastname,871,6872027458|wilson,0.92
495,phone_lastname,872,6872027458|wilson,0.92
496,phone_lastname,39,6872599161|smith,0.92
496,phone_lastname,40,6872599161|smith,0.92
497,phone_lastname,446,6877845582|smith,0.92
497,phone_lastname,447,6877845582|smith,0.92
497,phone_lastname,448,6877845582|smith,0.92
498,phone_lastname,605,6932443893|taylor,0.92
498,phone_lastname,606,6932443893|taylor,0.92
499,phone_lastname,113,6933592016|wilson,0.92
499,phone_lastname,114,6933592016|wilson,0.92
499,phone_lastname,115,6933592016|wilson,0.92
500,phone_lastname,205,6935519661|davis,0.92
500,phone_lastname,206,6935519661|davis,0.92
500,phone_lastname,207,6935519661|davis,0.92
501,phone_lastname,838,6938617182|miller,0.92
501,phone_lastname,839,6938617182|miller,0.92
502,phone_lastname,484,6996353495|moore,0.92
502,phone_lastname,485,6996353495|moore,0.92
502,phone_lastname,486,6996353495|moore,0.92
503,phone_lastname,307,7008403653|miller,0.92
503,phone_lastname,308,7008403653|miller,0.92
503,phone_lastname,309,7008403653|miller,0.92
504,phone_lastname,816,7013184877|christian,0.92
504,phone_lastname,817,7013184877|christian,0.92
504,phone_lastname,818,7013184877|christian,0.92
505,phone_lastname,731,7019325808|anderson,0.92
505,phone_lastname,732,7019325808|anderson,0.92
505,phone_lastname,733,7019325808|anderson,0.92
506,phone_lastname,890,7067206954|johnson,0.92
506,phone_lastname,891,7067206954|johnson,0.92
506,phone_lastname,892,7067206954|johnson,0.92
507,phone_lastname,403,7073746330|johnson,0.92
507,phone_lastname,404,7073746330|johnson,0.92
508,phone_lastname,70,7116625544|moore,0.92
508,phone_lastname,71,7116625544|moore,0.92
509,phone_lastname,253,7156202725|davis,0.92
509,phone_lastname,254,7156202725|davis,0.92
509,phone_lastname,255,7156202725|davis,0.92
510,phone_lastname,909,7178057563|johnson,0.92
510,phone_lastname,910,7178057563|johnson,0.92
510,phone_lastname,911,7178057563|johnson,0.92
511,phone_lastname,893,7206323416|johnson,0.92
511,phone_lastname,894,7206323416|johnson,0.92
511,phone_lastname,895,7206323416|johnson,0.92
512,phone_lastname,111,7212966467|johnson,0.92
512,phone_lastname,112,7212966467|johnson,0.92
513,phone_lastname,533,7274619869|smith,0.92
513,phone_lastname,534,7274619869|smith,0.92
513,phone_lastname,535,7274619869|smith,0.92
514,phone_lastname,880,7348858693|smith,0.92
514,phone_lastname,881,7348858693|smith,0.92
514,phone_lastname,882,7348858693|smith,0.92
515,phone_lastname,369,7348942284|christian,0.92
515,phone_lastname,370,7348942284|christian,0.92
516,phone_lastname,877,7392613559|miller,0.92
516,phone_lastname,878,7392613559|miller,0.92
516,phone_lastname,879,7392613559|miller,0.92
517,phone_lastname,721,7423082582|brown,0.92
517,phone_lastname,722,7423082582|brown,0.92
518,phone_lastname,638,7429727960|smith,0.92
518,phone_lastname,639,7429727960|smith,0.92
518,phone_lastname,640,7429727960|smith,0.92
519,phone_lastname,502,7468938836|moore,0.92
519,phone_lastname,503,7468938836|moore,0.92
519,phone_lastname,504,7468938836|moore,0.92
519,phone_lastname,505,7468938836|moore,0.92
520,phone_lastname,778,7469802267|moore,0.92
520,phone_lastname,779,7469802267|moore,0.92
520,phone_lastname,780,7469802267|moore,0.92
520,phone_lastname,781,7469802267|moore,0.92
521,phone_lastname,490,7542601139|davis,0.92
521,phone_lastname,491,7542601139|davis,0.92
521,phone_lastname,492,7542601139|davis,0.92
522,phone_lastname,116,7622606320|davis,0.92
522,phone_lastname,117,7622606320|davis,0.92
523,phone_lastname,704,7646154366|brown,0.92
523,phone_lastname,705,7646154366|brown,0.92
523,phone_lastname,706,7646154366|brown,0.92
524,phone_lastname,554,7686112065|anderson,0.92
524,phone_lastname,555,7686112065|anderson,0.92
524,phone_lastname,556,7686112065|anderson,0.92
525,phone_lastname,641,7713219753|wilson,0.92
525,phone_lastname,642,7713219753|wilson,0.92
525,phone_lastname,643,7713219753|wilson,0.92
526,phone_lastname,518,7723126729|christian,0.92
526,phone_lastname,519,7723126729|christian,0.92
526,phone_lastname,520,7723126729|christian,0.92
527,phone_lastname,218,7726742028|brown,0.92
527,phone_lastname,219,7726742028|brown,0.92
527,phone_lastname,220,7726742028|brown,0.92
527,phone_lastname,221,7726742028|brown,0.92
528,phone_lastname,947,7729174887|brown,0.92
528,phone_lastname,948,7729174887|brown,0.92
528,phone_lastname,949,7729174887|brown,0.92
528,phone_lastname,950,7729174887|brown,0.92
529,phone_lastname,389,7762065170|anderson,0.92
529,phone_lastname,390,7762065170|anderson,0.92
530,phone_lastname,268,7824915180|anderson,0.92
530,phone_lastname,269,7824915180|anderson,0.92
530,phone_lastname,270,7824915180|anderson,0.92
530,phone_lastname,271,7824915180|anderson,0.92
531,phone_lastname,328,7842067820|davis,0.92
531,phone_lastname,329,7842067820|davis,0.92
532,phone_lastname,83,7844484922|christian,0.92
532,phone_lastname,84,7844484922|christian,0.92
532,phone_lastname,85,7844484922|christian,0.92
533,phone_lastname,951,7857903609|moore,0.92
533,phone_lastname,952,7857903609|moore,0.92
533,phone_lastname,953,7857903609|moore,0.92
534,phone_lastname,244,7919452601|miller,0.92
534,phone_lastname,245,7919452601|miller,0.92
534,phone_lastname,246,7919452601|miller,0.92
535,phone_lastname,883,7956558899|moore,0.92
535,phone_lastname,884,7956558899|moore,0.92
536,phone_lastname,290,7964901844|anderson,0.92
536,phone_lastname,291,7964901844|anderson,0.92
537,phone_lastname,772,7988957989|moore,0.92
537,phone_lastname,773,7988957989|moore,0.92
538,phone_lastname,118,7989853914|anderson,0.92
538,phone_lastname,119,7989853914|anderson,0.92
538,phone_lastname,120,7989853914|anderson,0.92
539,phone_lastname,313,8062824880|wilson,0.92
539,phone_lastname,314,8062824880|wilson,0.92
540,phone_lastname,317,8097111458|smith,0.92
540,phone_lastname,318,8097111458|smith,0.92
540,phone_lastname,319,8097111458|smith,0.92
541,phone_lastname,617,8103392196|christian,0.92
541,phone_lastname,618,8103392196|christian,0.92
542,phone_lastname,440,8138558671|brown,0.92
542,phone_lastname,441,8138558671|brown,0.92
542,phone_lastname,442,8138558671|brown,0.92
543,phone_lastname,651,8148548846|wilson,0.92
543,phone_lastname,652,8148548846|wilson,0.92
544,phone_lastname,886,8155733925|johnson,0.92
544,phone_lastname,887,8155733925|johnson,0.92
545,phone_lastname,693,8163292931|miller,0.92
545,phone_lastname,694,8163292931|miller,0.92
545,phone_lastname,695,8163292931|miller,0.92
546,phone_lastname,623,8176069334|taylor,0.92
546,phone_lastname,624,8176069334|taylor,0.92
546,phone_lastname,625,8176069334|taylor,0.92
546,phone_lastname,626,8176069334|taylor,0.92
547,phone_lastname,931,8199668292|wilson,0.92
547,phone_lastname,932,8199668292|wilson,0.92
547,phone_lastname,933,8199668292|wilson,0.92
548,phone_lastname,593,8206519959|davis,0.92
548,phone_lastname,594,8206519959|davis,0.92
548,phone_lastname,595,8206519959|davis,0.92
548,phone_lastname,596,8206519959|davis,0.92
549,phone_lastname,147,8206836882|brown,0.92
549,phone_lastname,148,8206836882|brown,0.92
549,phone_lastname,149,8206836882|brown,0.92
549,phone_lastname,150,8206836882|brown,0.92
550,phone_lastname,557,8258184754|miller,0.92
550,phone_lastname,558,8258184754|miller,0.92
550,phone_lastname,559,8258184754|miller,0.92
551,phone_lastname,284,8296711167|brown,0.92
551,phone_lastname,285,8296711167|brown,0.92
551,phone_lastname,286,8296711167|brown,0.92
552,phone_lastname,198,8332503704|miller,0.92
552,phone_lastname,199,8332503704|miller,0.92
552,phone_lastname,200,8332503704|miller,0.92
553,phone_lastname,95,8335984312|miller,0.92
553,phone_lastname,96,8335984312|miller,0.92
553,phone_lastname,97,8335984312|miller,0.92
554,phone_lastname,690,8352894971|taylor,0.92
554,phone_lastname,691,8352894971|taylor,0.92
554,phone_lastname,692,8352894971|taylor,0.92
555,phone_lastname,411,8379229196|johnson,0.92
555,phone_lastname,412,8379229196|johnson,0.92
555,phone_lastname,413,8379229196|johnson,0.92
556,phone_lastname,912,8393525867|wilson,0.92
556,phone_lastname,913,8393525867|wilson,0.92
557,phone_lastname,247,8394035671|miller,0.92
557,phone_lastname,248,8394035671|miller,0.92
557,phone_lastname,249,8394035671|miller,0.92
558,phone_lastname,225,8438184466|christian,0.92
558,phone_lastname,226,8438184466|christian,0.92
559,phone_lastname,549,8457203161|wilson,0.92
559,phone_lastname,550,8457203161|wilson,0.92
560,phone_lastname,151,8467734948|christian,0.92
560,phone_lastname,152,8467734948|christian,0.92
561,phone_lastname,937,8506023262|wilson,0.92
561,phone_lastname,938,8506023262|wilson,0.92
562,phone_lastname,353,8522293987|johnson,0.92
562,phone_lastname,354,8522293987|johnson,0.92
562,phone_lastname,355,8522293987|johnson,0.92
563,phone_lastname,304,8522309517|taylor,0.92
563,phone_lastname,305,8522309517|taylor,0.92
563,phone_lastname,306,8522309517|taylor,0.92
564,phone_lastname,829,8573621266|davis,0.92
564,phone_lastname,830,8573621266|davis,0.92
565,phone_lastname,542,8605722664|wilson,0.92
565,phone_lastname,543,8605722664|wilson,0.92
565,phone_lastname,544,8605722664|wilson,0.92
566,phone_lastname,798,8636665363|wilson,0.92
566,phone_lastname,799,8636665363|wilson,0.92
566,phone_lastname,800,8636665363|wilson,0.92
566,phone_lastname,801,8636665363|wilson,0.92
567,phone_lastname,866,8657004220|taylor,0.92
567,phone_lastname,867,8657004220|taylor,0.92
567,phone_lastname,868,8657004220|taylor,0.92
568,phone_lastname,153,8658862723|anderson,0.92
568,phone_lastname,154,8658862723|anderson,0.92
568,phone_lastname,155,8658862723|anderson,0.92
568,phone_lastname,156,8658862723|anderson,0.92
569,phone_lastname,684,8663385909|christian,0.92
569,phone_lastname,685,8663385909|christian,0.92
569,phone_lastname,686,8663385909|christian,0.92
570,phone_lastname,831,8675345214|brown,0.92
570,phone_lastname,832,8675345214|brown,0.92
570,phone_lastname,833,8675345214|brown,0.92
571,phone_lastname,510,8675808307|moore,0.92
571,phone_lastname,511,8675808307|moore,0.92
571,phone_lastname,512,8675808307|moore,0.92
572,phone_lastname,696,8687144940|moore,0.92
572,phone_lastname,697,8687144940|moore,0.92
572,phone_lastname,698,8687144940|moore,0.92
573,phone_lastname,427,8688639996|taylor,0.92
573,phone_lastname,428,8688639996|taylor,0.92
573,phone_lastname,429,8688639996|taylor,0.92
574,phone_lastname,262,8714746600|brown,0.92
574,phone_lastname,263,8714746600|brown,0.92
574,phone_lastname,264,8714746600|brown,0.92
575,phone_lastname,536,8718134304|johnson,0.92
575,phone_lastname,537,8718134304|johnson,0.92
575,phone_lastname,538,8718134304|johnson,0.92
576,phone_lastname,858,8749842494|johnson,0.92
576,phone_lastname,859,8749842494|johnson,0.92
577,phone_lastname,657,8753789469|moore,0.92
577,phone_lastname,658,8753789469|moore,0.92
577,phone_lastname,659,8753789469|moore,0.92
578,phone_lastname,506,8756359324|brown,0.92
578,phone_lastname,507,8756359324|brown,0.92
579,phone_lastname,430,8764079338|christian,0.92
579,phone_lastname,431,8764079338|christian,0.92
579,phone_lastname,432,8764079338|christian,0.92
580,phone_lastname,869,8779848483|anderson,0.92
580,phone_lastname,870,8779848483|anderson,0.92
581,phone_lastname,809,8829538030|moore,0.92
581,phone_lastname,810,8829538030|moore,0.92
581,phone_lastname,811,8829538030|moore,0.92
581,phone_lastname,812,8829538030|moore,0.92
582,phone_lastname,667,8836708984|johnson,0.92
582,phone_lastname,668,8836708984|johnson,0.92
582,phone_lastname,669,8836708984|johnson,0.92
583,phone_lastname,939,8895365813|davis,0.92
583,phone_lastname,940,8895365813|davis,0.92
583,phone_lastname,941,8895365813|davis,0.92
584,phone_lastname,759,8898409221|moore,0.92
584,phone_lastname,760,8898409221|moore,0.92
584,phone_lastname,761,8898409221|moore,0.92
584,phone_lastname,762,8898409221|moore,0.92
585,phone_lastname,386,8916871252|miller,0.92
585,phone_lastname,387,8916871252|miller,0.92
585,phone_lastname,388,8916871252|miller,0.92
586,phone_lastname,499,8964029201|miller,0.92
586,phone_lastname,500,8964029201|miller,0.92
586,phone_lastname,501,8964029201|miller,0.92
587,phone_lastname,465,8965921538|christian,0.92
587,phone_lastname,466,8965921538|christian,0.92
587,phone_lastname,467,8965921538|christian,0.92
588,phone_lastname,315,8968272163|miller,0.92
588,phone_lastname,316,8968272163|miller,0.92
589,phone_lastname,888,8972456027|johnson,0.92
589,phone_lastname,889,8972456027|johnson,0.92
590,phone_lastname,242,8982629372|wilson,0.92
590,phone_lastname,243,8982629372|wilson,0.92
591,phone_lastname,127,8987986828|smith,0.92
591,phone_lastname,128,8987986828|smith,0.92
591,phone_lastname,129,8987986828|smith,0.92
592,phone_lastname,408,9038877621|moore,0.92
592,phone_lastname,409,9038877621|moore,0.92
592,phone_lastname,410,9038877621|moore,0.92
593,phone_lastname,914,9155221792|davis,0.92
593,phone_lastname,915,9155221792|davis,0.92
593,phone_lastname,916,9155221792|davis,0.92
594,phone_lastname,633,9164244679|moore,0.92
594,phone_lastname,634,9164244679|moore,0.92
595,phone_lastname,508,9213884928|johnson,0.92
595,phone_lastname,509,9213884928|johnson,0.92
596,phone_lastname,459,9217682235|taylor,0.92
596,phone_lastname,460,9217682235|taylor,0.92
597,phone_lastname,77,9243921337|anderson,0.92
597,phone_lastname,78,9243921337|anderson,0.92
597,phone_lastname,79,9243921337|anderson,0.92
598,phone_lastname,662,9286432133|taylor,0.92
598,phone_lastname,663,9286432133|taylor,0.92
599,phone_lastname,330,9309467220|moore,0.92
599,phone_lastname,331,9309467220|moore,0.92
599,phone_lastname,332,9309467220|moore,0.92
599,phone_lastname,333,9309467220|moore,0.92
600,phone_lastname,644,9326175572|johnson,0.92
600,phone_lastname,645,9326175572|johnson,0.92
600,phone_lastname,646,9326175572|johnson,0.92
600,phone_lastname,647,9326175572|johnson,0.92
601,phone_lastname,53,9348298561|brown,0.92
601,phone_lastname,54,9348298561|brown,0.92
602,phone_lastname,906,9385456635|smith,0.92
602,phone_lastname,907,9385456635|smith,0.92
602,phone_lastname,908,9385456635|smith,0.92
603,phone_lastname,723,9446124007|johnson,0.92
603,phone_lastname,724,9446124007|johnson,0.92
603,phone_lastname,725,9446124007|johnson,0.92
604,phone_lastname,463,9452171678|davis,0.92
604,phone_lastname,464,9452171678|davis,0.92
605,phone_lastname,320,9457128349|smith,0.92
605,phone_lastname,321,9457128349|smith,0.92
605,phone_lastname,322,9457128349|smith,0.92
606,phone_lastname,350,9462364225|moore,0.92
606,phone_lastname,351,9462364225|moore,0.92
606,phone_lastname,352,9462364225|moore,0.92
607,phone_lastname,474,9465526379|davis,0.92
607,phone_lastname,475,9465526379|davis,0.92
607,phone_lastname,476,9465526379|davis,0.92
608,phone_lastname,614,9474633230|smith,0.92
608,phone_lastname,615,9474633230|smith,0.92
608,phone_lastname,616,9474633230|smith,0.92
609,phone_lastname,7,9496589619|taylor,0.92
609,phone_lastname,8,9496589619|taylor,0.92
609,phone_lastname,9,9496589619|taylor,0.92
609,phone_lastname,10,9496589619|taylor,0.92
610,phone_lastname,452,9512735436|miller,0.92
610,phone_lastname,453,9512735436|miller,0.92
611,phone_lastname,852,9536933313|wilson,0.92
611,phone_lastname,853,9536933313|wilson,0.92
611,phone_lastname,854,9536933313|wilson,0.92
612,phone_lastname,813,9543582402|christian,0.92
612,phone_lastname,814,9543582402|christian,0.92
612,phone_lastname,815,9543582402|christian,0.92
613,phone_lastname,133,9556729136|johnson,0.92
613,phone_lastname,134,9556729136|johnson,0.92
613,phone_lastname,135,9556729136|johnson,0.92
614,phone_lastname,921,9562544841|johnson,0.92
614,phone_lastname,922,9562544841|johnson,0.92
614,phone_lastname,923,9562544841|johnson,0.92
615,phone_lastname,603,9582835731|davis,0.92
615,phone_lastname,604,9582835731|davis,0.92
616,phone_lastname,232,9599543912|miller,0.92
616,phone_lastname,233,9599543912|miller,0.92
616,phone_lastname,234,9599543912|miller,0.92
617,phone_lastname,945,9619817766|johnson,0.92
617,phone_lastname,946,9619817766|johnson,0.92
618,phone_lastname,276,9622572801|moore,0.92
618,phone_lastname,277,9622572801|moore,0.92
618,phone_lastname,278,9622572801|moore,0.92
619,phone_lastname,168,9716065571|davis,0.92
619,phone_lastname,169,9716065571|davis,0.92
620,phone_lastname,962,9718086096|wilson,0.92
620,phone_lastname,963,9718086096|wilson,0.92
621,phone_lastname,551,9804409802|wilson,0.92
621,phone_lastname,552,9804409802|wilson,0.92
621,phone_lastname,553,9804409802|wilson,0.92
622,phone_lastname,165,9857661448|taylor,0.92
622,phone_lastname,166,9857661448|taylor,0.92
622,phone_lastname,167,9857661448|taylor,0.92
623,phone_lastname,414,9862034237|miller,0.92
623,phone_lastname,415,9862034237|miller,0.92
623,phone_lastname,416,9862034237|miller,0.92
624,phone_lastname,28,9915133888|johnson,0.92
624,phone_lastname,29,9915133888|johnson,0.92
624,phone_lastname,30,9915133888|johnson,0.92
624,phone_lastname,31,9915133888|johnson,0.92
625,phone_lastname,942,9937564638|brown,0.92
625,phone_lastname,943,9937564638|brown,0.92
625,phone_lastname,944,9937564638|brown,0.92
626,phone_lastname,960,9968494563|smith,0.92
626,phone_lastname,961,9968494563|smith,0.92
627,phone_lastname,449,9979735790|miller,0.92
627,phone_lastname,450,9979735790|miller,0.92
627,phone_lastname,451,9979735790|miller,0.92
